{
  "enabled": true,
  "last_run": 1778496996.9350023,
  "next_run": 1778514376.418081
}