{
  "enabled": true,
  "last_run": 1778522884.7276597,
  "next_run": 1778540342.5907981
}