{
  "enabled": true,
  "last_run": 1778160897.1091535,
  "next_run": 1778176335.2964368
}