{
  "enabled": true,
  "last_run": 1778398887.4589846,
  "next_run": 1778414840.7152035
}
