{
  "enabled": true,
  "last_run": 1778442589.8609016,
  "next_run": 1778457329.593439
}