{
  "enabled": true,
  "last_run": 1778311906.1150963,
  "next_run": 1778328842.3799987
}