{
  "enabled": true,
  "last_run": 1778339996.5138607,
  "next_run": 1778354422.1296241
}