{
  "enabled": true,
  "last_run": 1778156010.0435863,
  "next_run": 1778171382.0377648
}