{
  "enabled": true,
  "last_run": 1778427531.0633152,
  "next_run": 1778442010.43872
}