{
  "enabled": true,
  "last_run": 1778166434.2102673,
  "next_run": 1778181606.996072
}