{
  "enabled": true,
  "last_run": 1778693340.0251422,
  "next_run": 1778708691.5255406
}