{
  "enabled": true,
  "last_run": 1778606677.9749312,
  "next_run": 1778623691.8342085
}