{
  "enabled": true,
  "last_run": 1778660807.2923834,
  "next_run": 1778675919.0215292
}