{
  "enabled": true,
  "last_run": 1778712486.275068,
  "next_run": 1778728008.2690766
}