{
  "enabled": true,
  "last_run": 1778273487.2486491,
  "next_run": 1778289666.7695606
}