{
  "enabled": true,
  "last_run": 1778562781.1481469,
  "next_run": 1778578186.6408584
}