{
  "enabled": true,
  "last_run": 1778356216.7281232,
  "next_run": 1778371437.5518847
}